"_id__$oid","name","__v__$numberInt","type","isActive"
"5bd0b77708998f3ec00db237","UI","","","Yes"
"5bd33bdab31a204704ce4e7e","Agile Project Methodology","","null","Yes"
"5bd33bdab31a204704ce4e7f","Amazon Web Services (AWS)","","null","Yes"
"5bd33bdab31a204704ce4e80","Analytical","","null","Yes"
"5bd33bdab31a204704ce4e81","Analytics","","null","Yes"
"5bd33bdab31a204704ce4e82","AngularJS","","null","Yes"
"5bd33bdab31a204704ce4e83","APIs","","null","Yes"
"5bd33bdab31a204704ce4e84","Application & Server Monitoring","","null","Yes"
"5bd33bdab31a204704ce4e85","Application Development","","null","Yes"
"5bd33bdab31a204704ce4e86","Architecture","","null","Yes"
"5bd33bdab31a204704ce4e87","Big Data","","null","Yes"
"5bd33bdab31a204704ce4e88","Business Analytics","","null","Yes"
"5bd33bdab31a204704ce4e89","Business Intelligence","","null","Yes"
"5bd33bdab31a204704ce4e8a","Business Process Modeling","","null","Yes"
"5bd33bdab31a204704ce4e8b","Cloud Applications","","null","Yes"
"5bd33bdab31a204704ce4e8c","Cloud Hosting Services","","null","Yes"
"5bd33bdab31a204704ce4e8d","Cloud Maintenance Tasks","","null","Yes"
"5bd33bdab31a204704ce4e8e","Cloud Management Tools","","null","Yes"
"5bd33bdab31a204704ce4e8f","Cloud Platforms","","null","Yes"
"5bd33bdab31a204704ce4e90","Cloud Scalability","","null","Yes"
"5bd33bdab31a204704ce4e91","Cloud Services","","null","Yes"
"5bd33bdab31a204704ce4e92","Cloud Systems Administration","","null","Yes"
"5bd33bdab31a204704ce4e93","Cloud-Based Visualizations","","null","Yes"
"5bd33bdab31a204704ce4e94","Coding","","null","Yes"
"5bd33bdab31a204704ce4e95","Communication","","null","Yes"
"5bd33bdab31a204704ce4e96","Computer","","null","Yes"
"5bd33bdab31a204704ce4e97","Configuration","","null","Yes"
"5bd33bdab31a204704ce4e98","Configuration Management","","null","Yes"
"5bd33bdab31a204704ce4e99","Configure Database Software","","null","Yes"
"5bd33bdab31a204704ce4e9a","Content Management","","null","Yes"
"5bd33bdab31a204704ce4e9b","Content Strategy","","null","Yes"
"5bd33bdab31a204704ce4e9c","Continuous Deployment","","null","Yes"
"5bd33bdab31a204704ce4e9d","Continuous Integration","","null","Yes"
"5bd33bdab31a204704ce4e9e","Critical Thinking","","null","Yes"
"5bd33bdab31a204704ce4e9f","CSS","","null","Yes"
"5bd33bdab31a204704ce4ea0","Customer Support","","null","Yes"
"5bd33bdab31a204704ce4ea1","Data Analysis","","null","Yes"
"5bd33bdab31a204704ce4ea2","Data Imports","","null","Yes"
"5bd33bdab31a204704ce4ea3","Data Intelligence","","null","Yes"
"5bd33bdab31a204704ce4ea4","Data Mining","","null","Yes"
"5bd33bdab31a204704ce4ea5","Data Modeling","","null","Yes"
"5bd33bdab31a204704ce4ea6","Data Science","","null","Yes"
"5bd33bdab31a204704ce4ea7","Data Storage","","null","Yes"
"5bd33bdab31a204704ce4ea8","Data Strategy","","null","Yes"
"5bd33bdab31a204704ce4ea9","Data Visualization Tools","","null","Yes"
"5bd33bdab31a204704ce4eaa","Data Visualizations","","null","Yes"
"5bd33bdab31a204704ce4eab","Database","","null","Yes"
"5bd33bdab31a204704ce4eac","Database Administration","","null","Yes"
"5bd33bdab31a204704ce4ead","Deployment Automation Tools","","null","Yes"
"5bd33bdab31a204704ce4eae","Deployment of Cloud Services","","null","Yes"
"5bd33bdab31a204704ce4eaf","Design","","null","Yes"
"5bd33bdab31a204704ce4eb0","Design Principles","","null","Yes"
"5bd33bdab31a204704ce4eb1","Design Prototypes","","null","Yes"
"5bd33bdab31a204704ce4eb2","Design Specifications","","null","Yes"
"5bd33bdab31a204704ce4eb3","Design Thinking","","null","Yes"
"5bd33bdab31a204704ce4eb4","Design Tools","","null","Yes"
"5bd33bdab31a204704ce4eb5","Desktop Support","","null","Yes"
"5bd33bdab31a204704ce4eb6","Documentation","","null","Yes"
"5bd33bdab31a204704ce4eb7","EmberJS","","null","Yes"
"5bd33bdab31a204704ce4eb8","Emerging Technologies","","null","Yes"
"5bd33bdab31a204704ce4eb9","ExpressJS","","null","Yes"
"5bd33bdab31a204704ce4eba","File Systems","","null","Yes"
"5bd33bdab31a204704ce4ebb","Flexibility","","null","Yes"
"5bd33bdab31a204704ce4ebc","Front End Design","","null","Yes"
"5bd33bdab31a204704ce4ebd","Google Analytics","","null","Yes"
"5bd33bdab31a204704ce4ebe","Hardware","","null","Yes"
"5bd33bdab31a204704ce4ebf","Help Desk","","null","Yes"
"5bd33bdab31a204704ce4ec0","Identify User Needs","","null","Yes"
"5bd33bdab31a204704ce4ec1","Implementation","","null","Yes"
"5bd33bdab31a204704ce4ec2","Information Architecture","","null","Yes"
"5bd33bdab31a204704ce4ec3","Information Design","","null","Yes"
"5bd33bdab31a204704ce4ec4","Information Systems","","null","Yes"
"5bd33bdab31a204704ce4ec5","Install, Maintain, & Merge Databases","","null","Yes"
"5bd33bdab31a204704ce4ec6","Installation","","null","Yes"
"5bd33bdab31a204704ce4ec7","Integrated Technologies","","null","Yes"
"5bd33bdab31a204704ce4ec8","Interaction Design","","null","Yes"
"5bd33bdab31a204704ce4ec9","Interaction Flows","","null","Yes"
"5bd33bdab31a204704ce4eca","IT Optimization","","null","Yes"
"5bd33bdab31a204704ce4ecb","IT Security","","null","Yes"
"5bd33bdab31a204704ce4ecc","IT Soft Skills","","null","Yes"
"5bd33bdab31a204704ce4ecd","IT Solutions","","null","Yes"
"5bd33bdab31a204704ce4ece","IT Support","","null","Yes"
"5bd33bdab31a204704ce4ecf","Java","","null","Yes"
"5bd33bdab31a204704ce4ed0","Javascript","","null","Yes"
"5bd33bdab31a204704ce4ed1","Languages","","null","Yes"
"5bd33bdab31a204704ce4ed2","Leadership","","null","Yes"
"5bd33bdab31a204704ce4ed3","Linux","","null","Yes"
"5bd33bdab31a204704ce4ed4","Logical Thinking","","null","Yes"
"5bd33bdab31a204704ce4ed5","Management","","null","Yes"
"5bd33bdab31a204704ce4ed6","Messaging","","null","Yes"
"5bd33bdab31a204704ce4ed7","Metrics","","null","Yes"
"5bd33bdab31a204704ce4ed8","Microsoft Office","","null","Yes"
"5bd33bdab31a204704ce4ed9","Mobile Applications","","null","Yes"
"5bd33bdab31a204704ce4eda","Motivation","","null","Yes"
"5bd33bdab31a204704ce4edb","Network Operations","","null","Yes"
"5bd33bdab31a204704ce4edc","Networking","","null","Yes"
"5bd33bdab31a204704ce4edd","NodeJS","","null","Yes"
"5bd33bdab31a204704ce4ede","Open Source Technology Integration","","null","Yes"
"5bd33bdab31a204704ce4edf","Operating Systems","","null","Yes"
"5bd33bdab31a204704ce4ee0","Operations","","null","Yes"
"5bd33bdab31a204704ce4ee1","Optimize Database","","null","Yes"
"5bd33bdab31a204704ce4ee2","Optimizing User Experiences","","null","Yes"
"5bd33bdab31a204704ce4ee3","Optimizing Website Performance","","null","Yes"
"5bd33bdab31a204704ce4ee4","Organization","","null","Yes"
"5bd33bdab31a204704ce4ee5","Play Framework","","null","Yes"
"5bd33bdab31a204704ce4ee6","Presentation","","null","Yes"
"5bd33bdab31a204704ce4ee7","Problem Solving","","null","Yes"
"5bd33bdab31a204704ce4ee8","Process Flows","","null","Yes"
"5bd33bdab31a204704ce4ee9","Product Design","","null","Yes"
"5bd33bdab31a204704ce4eea","Product Development","","null","Yes"
"5bd33bdab31a204704ce4eeb","Product Management","","null","Yes"
"5bd33bdab31a204704ce4eec","Product Support","","null","Yes"
"5bd33bdab31a204704ce4eed","Product Training","","null","Yes"
"5bd33bdab31a204704ce4eee","Programming","","null","Yes"
"5bd33bdab31a204704ce4eef","Project Management","","null","Yes"
"5bd33bdab31a204704ce4ef0","Prototyping Methods","","null","Yes"
"5bd33bdab31a204704ce4ef1","Python","","null","Yes"
"5bd33bdab31a204704ce4ef2","QA","","null","Yes"
"5bd33bdab31a204704ce4ef3","Reporting","","null","Yes"
"5bd33bdab31a204704ce4ef4","Research Emerging Technology","","null","Yes"
"5bd33bdab31a204704ce4ef5","Responsive Design","","null","Yes"
"5bd33bdab31a204704ce4ef6","Review Existing Solutions","","null","Yes"
"5bd33bdab31a204704ce4ef7","Search Engine Optimization (SEO)","","null","Yes"
"5bd33bdab31a204704ce4ef8","Security","","null","Yes"
"5bd33bdab31a204704ce4ef9","Self Motivated","","null","Yes"
"5bd33bdab31a204704ce4efa","Self Starting","","null","Yes"
"5bd33bdab31a204704ce4efb","Servers","","null","Yes"
"5bd33bdab31a204704ce4efc","Software Development","","null","Yes"
"5bd33bdab31a204704ce4efd","Software Engineering","","null","Yes"
"5bd33bdab31a204704ce4efe","Storage","","null","Yes"
"5bd33bdab31a204704ce4eff","Systems Software","","null","Yes"
"5bd33bdab31a204704ce4f00","Tablets","","null","Yes"
"5bd33bdab31a204704ce4f01","Team Building","","null","Yes"
"5bd33bdab31a204704ce4f02","Team Oriented","","null","Yes"
"5bd33bdab31a204704ce4f03","Teamwork","","null","Yes"
"5bd33bdab31a204704ce4f04","Tech Skills","","null","Yes"
"5bd33bdab31a204704ce4f05","Technical Support","","null","Yes"
"5bd33bdab31a204704ce4f06","Technical Writing","","null","Yes"
"5bd33bdab31a204704ce4f07","Technology","","null","Yes"
"5bd33bdab31a204704ce4f08","Testing","","null","Yes"
"5bd33bdab31a204704ce4f09","Time Management","","null","Yes"
"5bd33bdab31a204704ce4f0a","Tools","","null","Yes"
"5bd33bdab31a204704ce4f0b","Touch Input Navigation","","null","Yes"
"5bd33bdab31a204704ce4f0c","Training","","null","Yes"
"5bd33bdab31a204704ce4f0d","Troubleshooting","","null","Yes"
"5bd33bdab31a204704ce4f0e","Twitter Bootstrap","","null","Yes"
"5bd33bdab31a204704ce4f0f","Usability","","null","Yes"
"5bd33bdab31a204704ce4f10","User Experience","","null","Yes"
"5bd33bdab31a204704ce4f11","User Flows","","null","Yes"
"5bd33bdab31a204704ce4f12","User Interaction Diagrams","","null","Yes"
"5bd33bdab31a204704ce4f13","User Interface","","null","Yes"
"5bd33bdab31a204704ce4f14","User Research","","null","Yes"
"5bd33bdab31a204704ce4f15","User Testing","","null","Yes"
"5bd33bdab31a204704ce4f16","User-Centered Design","","null","Yes"
"5bd33bdab31a204704ce4f17","Utilizing Cloud Automation Tools","","null","Yes"
"5bd33bdab31a204704ce4f18","Virtualization","","null","Yes"
"5bd33bdab31a204704ce4f19","Visual Design","","null","Yes"
"5bd33bdab31a204704ce4f1a","Web Analytics","","null","Yes"
"5bd33bdab31a204704ce4f1b","Web Applications","","null","Yes"
"5bd33bdab31a204704ce4f1c","Web Design","","null","Yes"
"5bd33bdab31a204704ce4f1d","Web Development","","null","Yes"
"5bd33bdab31a204704ce4f1e","Web Technologies","","null","Yes"
"5bd33bdab31a204704ce4f1f","Wireframes","","null","Yes"
"5bd33bdab31a204704ce4f20","Work Independently","","null","Yes"
"5d3176b27a19bf0e9824dc30","Software Developer","0","Developer","Yes"
"5da5ca0e5aef2520a0b1c7fd","AWS","0","","Yes"
"5da5ca0e5aef2520a0b1c7fe","C#","0","","Yes"
